mean_x,std_x,mean_y,std_y,mean_z,std_z,median_x,median_y,median_z,rms_x,rms_y,rms_z,Activity
-5.1927556111044995,2.0359021573978238,-5.940105284132,2.7335893242307563,-2.6302595347345,6.502931675294196,-5.1756372,-5.74565195,-3.9733375,5.577598805144951,6.538911329886748,7.014726337755901,hand_wash
-2.6706407729287003,1.7532830913201076,-6.870250646234,2.728815768172965,-2.7431284448355,5.307032425904947,-2.6279353,-6.96591425,-4.43857015,3.1947337504615616,7.39234600371953,5.974056145908923,hand_wash
-5.3746016613775,2.0771466944054984,-4.46035145870565,3.545546199646829,-4.1201652793535,6.873710680946756,-5.2043777,-4.08530475,-5.92707465,5.76202060119204,5.697862141979893,8.013966586812776,hand_wash
-4.5207472581705,2.0041521313067676,-5.894977132087,2.8464733013468266,-0.7568159853696498,6.695077483600831,-4.66789315,-5.8372612,-1.17056575,4.94507649462347,6.546232935292554,6.7377171910914955,hand_wash
-4.0353330795123,2.267419572957764,-6.0649786181086,3.188491332692809,-0.81586519278785,6.595798442225262,-4.0188427,-5.7827747,-0.6203100500000001,4.6287260215353205,6.852039303504591,6.646065986977857,hand_wash
-4.132575064231499,2.773961926953615,-7.0302577028425,3.888118958500286,-1.6726493099630002,5.518316780469018,-4.839137,-6.8431697,-2.8973748500000003,4.977252398030082,8.033803109600436,5.766244514736229,hand_wash
-4.3483561433715,0.9561358775513473,-6.595025171563,1.492839105990801,-4.0397836297665,3.0451368790581617,-4.204457,-6.51744695,-4.8942223,4.4522350528625,6.761872936540955,5.058923836897476,hand_wash
-1.9303073050235002,2.1289377190607253,-7.807053541592,2.691418855113942,-2.3621269278243497,4.202225850472672,-2.217788,-8.186176,-2.962639,2.8737540088648106,8.257954980196189,4.82061673663585,hand_wash
-4.5196305819745,2.416249695459276,-6.0895515093,3.264399074509271,-3.06888282503735,7.485961169839182,-4.45234135,-5.836064,-4.15356255,5.124970554874067,6.909337081231085,8.090590610712498,hand_wash
-2.1534279242345002,2.6593544107108484,-5.7814436298050005,2.5523568355152984,-3.7100445297986,5.460632566892766,-2.4129822,-5.979765,-5.3552637,3.4219026442375817,6.319779731953834,6.601737532172753,hand_wash
-3.547409524442,1.335617648195366,-6.8459316094955,2.9930135715960384,-1.210114746159,4.98588986825723,-3.3081207,-7.573650300000001,-2.9632378499999996,3.7905130043666566,7.471606911611968,5.130640844695871,hand_wash
-3.2288114501604994,1.5810706387671138,-7.0413879595674995,2.4240552198149965,-2.3081629518638502,4.769177200182922,-3.006947,-7.4006104,-3.88771545,3.595136679663097,7.446958312348371,5.29836459476898,hand_wash
-3.5767586910149998,1.1502868824352825,-5.965245810815,1.6939321981059605,-4.967275897153501,3.5968831884752883,-3.6045043,-5.868995,-5.91929085,3.75717482234378,6.201093764427853,6.132813262278435,hand_wash
-4.891722013551,1.6660655015538894,-6.2915708055045005,2.954152214205751,-1.4650364399765,6.466435179556328,-4.970264200000001,-6.04682575,-1.748963,5.167660835748362,6.950602744034023,6.630317918611647,hand_wash
-2.4871427625432503,2.3084710026835045,-6.3099112725580495,5.803994545335846,2.8993304127439,6.867378549466778,-2.4992028499999996,-6.776108949999999,4.2990601,3.3933637428813688,8.573291838602218,7.454327936436534,hand_wash
-2.8505977525608,1.451834788035017,-7.2314890392173,3.046625065347682,-1.40419336704235,4.664257174565705,-2.5590785,-8.171806,-2.6488915,3.1990204436129144,7.847060469572329,4.871042393834546,hand_wash
-4.288911764345099,1.4547883558595678,-6.50898769701075,2.861721057065242,-1.0163337249225,5.3276807403394555,-4.4912603,-6.719227249999999,-2.50578925,4.528926283644103,7.110300151771929,5.423754816674405,hand_wash
-2.5627529262271502,2.3114618053013305,-4.552605213349399,6.68513815701929,4.268186472980649,6.426519359829478,-2.60398505,-4.4008483,7.0156109,3.4511676630167805,8.088095351011349,7.714762916020043,hand_wash
-2.8281157027079997,1.50358929233495,-7.340723474640001,3.0341635934074365,-1.7054455019785,4.54215434325176,-2.562671,-8.131091,-3.0787976,3.202970369505138,7.943070555061807,4.851773947551506,hand_wash
-3.7345012644055497,2.1963038545750617,-7.2392770555995,3.3932610167946486,-0.7489740942154999,6.051463932408048,-3.56498655,-7.4191717,-0.7466473,4.332464692928025,7.995083027450535,6.09763707669138,hand_wash
-2.6849103042144997,2.329356684956981,-7.309443327977,3.546464468479221,-1.3918835712810498,7.044403290392414,-2.5309368,-7.4616834999999995,-2.75367375,3.554524709075881,8.124369021105153,7.180595907979613,hand_wash
-3.3478271592808495,1.7733666654786808,-7.51852375485,3.6386588763874697,-0.29620642866475005,5.773166654154071,-3.31051575,-7.8610527,-1.0891351,3.7885057765099766,8.352726373523621,5.780760457329022,hand_wash
-2.9083135300784,3.2554655335791427,-5.574101402509001,3.6753174411218894,-4.5075399195465,4.799403350511299,-3.1243029,-5.5833892,-6.219866,4.365357193811157,6.676718111352879,6.584237894183682,hand_wash
-4.9807496768662505,2.247419532188075,-6.523566781294,3.633392726838114,-1.524872416145,6.668162433477498,-5.063670200000001,-6.3330305,-2.1465362499999996,5.464317148305333,7.467159182543431,6.840294301034161,hand_wash
-2.7758162590138498,2.46375539552691,-6.894008631289,3.3509018596708335,1.5338848736644999,5.863789788086137,-2.7027795,-7.2856495,0.54247192,3.711501926820678,7.665239610177406,6.061091773312793,hand_wash
-2.5661305040435,0.7929612989057269,-7.636762276515,1.0161229240149174,-4.263197038081,1.732999062408136,-2.5447083,-7.60598315,-4.414021,2.68585431201039,7.704066709518499,4.601970744779902,hand_wash
-3.672561867461,1.8636830050990034,-6.8490008189976495,3.9118126653637084,2.0487535907889995,4.650392570190984,-3.66258365,-7.423363,2.11540105,4.118376502193975,7.88740074723799,5.08168695736547,hand_wash
-3.37721344380165,1.992823886094961,-7.051897896313,2.2913227811057637,-1.2923800811410002,5.036918772712614,-3.7506006000000003,-7.1485345,-2.7979816,3.9213413121003913,7.414811125526932,5.20007663376558,hand_wash
-3.0185437073962493,2.2662409332798688,-6.7985754964086,4.044744407332467,1.3251667026575,6.271114895649516,-3.2302827,-7.3078032,0.6730005,3.774579987380677,7.910789221121664,6.409598179626348,hand_wash
-3.419951969163,1.2650601738093148,-7.01881609183,1.7687503886709162,-3.00078523001085,4.143687094904786,-3.1542406,-7.09165275,-4.4104285,3.6464295845032213,7.238249599755128,5.116136700395303,hand_wash
-4.9326576834466,1.9349081522037876,-6.4746173803985005,3.3864670105583228,-0.7404430378360001,6.632180794056118,-4.829557,-6.3527891499999996,-0.392783215,5.298582959577915,7.3067659765561235,6.673385795630779,hand_wash
-3.7394852979935,2.029556532916137,-7.1552166602771505,4.036358786312014,-0.2136872423261501,6.64555682030768,-3.8152661,-7.2976245,-0.95800782,4.254744412325152,8.215188233226666,6.6489914791245495,hand_wash
-4.946338039856999,1.9159204184664194,-6.18886279237225,4.0529229541693645,0.7115399452941499,5.034057624058682,-5.0427136,-6.92340275,-0.14908997000000002,5.304433151094745,7.397851521573177,5.084095323269671,hand_wash
-3.88599403608855,2.276888276471464,-6.68548924699675,4.916701926323883,2.1441322492253003,5.462615501199925,-3.9685473,-6.6671355000000005,2.4351361000000002,4.503906068297714,8.298778482645874,5.868344844683008,hand_wash
-4.749790754744851,1.9490591946595923,-6.933471969874,3.1144038720627045,-1.8361686672580002,6.125972633434672,-4.9217653,-6.8575397,-2.7614574999999997,5.13413517139418,7.600825286463808,6.3952369838975125,hand_wash
-4.455644641105,3.18886051389048,-6.340738167968,6.334830945813507,-3.6775973911595,6.695609636911774,-4.4176135500000004,-5.7288866,-4.33378765,5.479197071182744,8.962981849070244,7.639104069285153,hand_wash
-5.09701230438,1.9239764238478003,-6.2356291498545,2.8117364424458087,-2.6104617166917494,5.962037790896292,-5.1708472,-6.04323325,-3.681145,5.448047330055355,6.840243615273725,6.508487150973625,hand_wash
-3.57530192086,1.3981948388493448,-6.49000417242,1.7400798493736305,-4.7022879461555,3.094958183743408,-3.51588865,-6.431825,-5.3552637,3.8389754665392366,6.719228530138349,5.62941187760139,hand_wash
-3.676162778041,1.643338742402379,-7.2014237694786,3.319956023780105,0.7820427373896,5.738493161911041,-3.73802675,-7.4664735,0.6550378,4.026752412668894,7.929855755777981,5.791536463875851,hand_wash
-5.23259914872,2.0195366839086524,-4.26444664072665,3.105303734146236,-4.168292585141,7.304665761554382,-5.133724,-3.8230498500000003,-6.17855165,5.608798647557071,5.275264584161383,8.410279719686278,hand_wash
-4.5869869113696,2.4205352537797613,-4.543981341067799,4.22689116003361,-3.77010621679945,6.971113451642153,-4.5864625,-4.941523999999999,-4.17272265,5.186466990145283,6.2059951101126885,7.925283820887175,hand_wash
-3.9983617655468007,1.8204309984465707,-6.7042512326615,3.129159024372963,0.43459067263055007,6.886312572912881,-4.0403979,-6.9557357,0.040715333,4.393275068589685,7.398555317794008,6.9000123119162255,hand_wash
-5.21313722057,1.496701369705677,-6.050361206440001,2.0357533740216054,-3.0994869813802497,4.9052777000317045,-5.369035,-6.187533,-4.343966699999999,5.423736227967871,6.383663722991245,5.802462310276042,hand_wash
-2.55164722356,0.7433673037453163,-7.673582102315001,0.9245072025567604,-4.28008911051,1.386145251478467,-2.530338,-7.682624000000001,-4.28109745,2.6577243088362343,7.7290734146175915,4.498951150224081,hand_wash
-4.770419062655,2.0570883155338686,-6.122013612169801,2.7944961149348764,-1.8443596297893001,7.10823903150434,-4.69244185,-5.84324915,-3.1177167,5.195046715020778,6.729655206916505,7.343617948463706,hand_wash
-1.6865410199066,1.5603235096856087,-7.919057236665,1.5245424807870092,-3.459401540651,3.1118509028571624,-2.1159997,-7.98080385,-3.8685552999999997,2.297613994278676,8.064471296576144,4.653071572743261,hand_wash
-3.1005647429185,2.383274650763643,-7.069261802018,2.277764381236936,-2.9222962511779498,4.266152151158373,-3.0787976,-7.056925,-4.7056146,3.910690448757333,7.427157801063774,5.1710607767151515,hand_wash
-4.325111881202351,1.937585156261481,-6.0104260541525,2.945689646630972,-1.45423430348915,6.448764356378305,-4.4008485,-5.76720715,-1.10350525,4.739285708066413,6.693452685027667,6.6107003512139215,hand_wash
-3.252014997231,1.3209188561208831,-7.6633302245634995,2.1412365698191063,-2.50066144464415,3.810776323957246,-3.099754,-7.883805499999999,-3.27578795,3.510046747077743,7.956853912108676,4.557995595869183,hand_wash
-2.1824693292436,1.944141722654015,-7.455846690068499,2.3650358929362536,-1.9672822171771502,5.141769122891586,-2.5483007,-7.3610925,-3.60630075,2.9228170334205203,7.8219591305939575,5.505269206418769,hand_wash
-5.2471387169499994,1.359949151875939,-4.985388230773,2.7514695337509294,-2.0835640029176496,5.536677120240629,-5.6001544,-4.683460800000001,-4.58346865,5.420509792501419,5.694267328347827,5.915744457635935,hand_wash
-4.886354780806,3.02295842898685,-5.986883008705999,4.822456328351604,-1.9529629929620498,7.9747927808049495,-4.672683,-5.7097265,-2.9422815,5.745845517179198,7.687577849933686,8.210443614608046,hand_wash
-5.3851409413191,2.025366106543683,-5.740909719866649,3.7916553083735134,-1.4878681608039999,6.217257255600316,-5.492977,-5.696554,-2.5177643,5.753420793180965,6.880021394528975,6.3928115447156,hand_wash
1.0605876954225,1.1915574641842226,-6.19557243535325,3.3333709463726464,0.5854134338313998,6.195697704379677,1.1454181,-8.052654,-2.59141125,1.5951976210284244,7.035373456173472,6.223293254585219,not_hand_wash
-0.59999250855865,2.188022603732131,-4.029428761529,0.8806033544578665,8.60449745878,1.9915754406366397,-0.23710693,-4.160149,9.044791,2.2687956992134035,4.124531296052871,8.83197312348144,not_hand_wash
-3.75544750812365,4.519460570605552,-4.045148468369,2.098507550330621,3.5822444871383503,5.598103166720111,-0.451461185,-3.96794855,3.6344422,5.8761305155289385,4.557078018856237,6.646144343216962,not_hand_wash
-0.49394523455624995,1.7541056172447622,-2.8347594849299997,1.9418913458980809,9.258632981849999,0.9302886743975534,0.015567627,-4.01046015,8.973538999999999,1.822325001527021,3.4361029287078204,9.305252372198884,not_hand_wash
-2.4078891727643503,2.8233500773010696,3.2813144714244995,3.289616985260752,7.9007940162,3.234188479612603,-3.1039453999999997,4.502637,8.5855465,3.7106921089349005,4.646353900651121,8.537126050848764,not_hand_wash
-2.0818826992329003,2.9661295318986554,-5.824582707842,4.4958181143874585,3.218319468815,5.044537992491694,-2.3327490500000003,-7.155121,3.4063165,3.6238322220222337,7.357862749341444,5.983723235665717,not_hand_wash
-0.95151910573,0.4616963172613714,-2.1813113382568,1.297188818348304,9.75288237875,0.305315921466418,-0.75742493,-2.9159362,9.637559,1.0576162337738257,2.537876668566765,9.757660196257765,not_hand_wash
1.6096195768500001,0.045735321187115645,-2.0456197079,0.047232751934384976,9.70572325625,0.048617321294883796,1.6094531,-2.0453467,9.705816,1.6102692016501035,2.046164930352433,9.70584502095732,not_hand_wash
0.957773101395,0.045421920468740905,-3.30178710085,0.04922081907470703,9.38085619775,0.048751144843685694,0.9568103,-3.3015344,9.380094,0.9588495526488321,3.302153955885436,9.38098287371788,not_hand_wash
-5.340491189666199,6.341967522182421,-2.48606081133695,2.845859829613816,4.1179804280002,4.087024143376333,-7.4024068,-1.8184186,2.7913952,8.291043251564844,3.7788115231478416,5.801855664693301,not_hand_wash
-7.644611345667499,3.2347737932294223,-2.9596531621330002,3.5193515751191673,0.21249451703925012,3.1026072023573197,-8.642427999999999,-3.400329,0.33530274,8.300833941217721,4.598410850437097,3.1098754592252176,not_hand_wash
0.09724078656799998,4.588334987478723,-6.652980460404,2.4664863359156,3.4052717079123997,3.235515211995773,2.73930365,-7.354506150000001,3.21890625,4.589365285951178,7.095470657523416,4.697279435137395,not_hand_wash
3.3248313793,0.5722050602736706,-8.3238095572,0.33263306096218737,2.1094661431026496,1.3273178967916268,3.5979182,-8.364007,2.0944445,3.373710469465442,8.330453186818778,2.4923122212194277,not_hand_wash
-8.199983451788201,6.600265069908473,-2.833766154053,2.3715405812627957,2.0359037179745503,2.3361539457613714,-9.623787,-2.4165747,1.8950592,10.52631120586192,3.6951908400558433,3.0987931856061355,not_hand_wash
-1.87091201366135,4.501943488426151,-4.6602948680022,3.442048355706181,5.23916449479315,4.310416738281641,-0.8652007749999999,-4.123624850000001,5.4857925,4.875223783155496,5.793621073193108,6.784433437005607,not_hand_wash
2.2906074568,0.12966161103424087,-3.2520736757,0.22765702989821893,9.12091633625,0.13286940859250604,2.2980213,-3.2883618,9.110654,2.294274319806539,3.260032348833825,9.12188407581525,not_hand_wash
3.5595762228000005,0.28429093856140114,-8.364803917500002,0.2284919463462474,1.72486911622765,0.8881966348585052,3.6356397,-8.374186,2.022594,3.5709108395017704,8.36792406441218,1.9401202875826868,not_hand_wash
1.2817054779377,1.5407581118680207,-6.13311871475325,3.4365187710749483,3.2129749881664997,5.614463834992086,0.907113635,-7.6562786,4.174519,2.004171771945363,7.030277834709453,6.4688030136198735,not_hand_wash
-0.36848333617715,2.702255339958591,-5.5085652948028505,3.2621226843416036,5.7799227881035,4.095328780693891,0.006586303700000001,-5.6624248,7.082072800000001,2.7272630770380335,6.402010310426131,7.08372961499928,not_hand_wash
1.6510438359500001,0.06441198679536864,-2.0077394824500003,0.06325130153610925,9.706959082000001,0.05125279685947173,1.6417859,-2.0142114,9.708212,1.6522998070179085,2.008735561624428,9.707094388580355,not_hand_wash
-0.43514810421675004,1.1544172717683996,-2.253346341565,1.1776428525769285,9.716734347300001,0.5837232199922162,-0.91010743,-1.7459693,9.939331,1.2337070600270659,2.54252087961336,9.73425185484522,not_hand_wash
3.0450014874,0.2599454703663316,-8.528456791750001,0.249292709522271,2.04757704154505,0.6876741197989505,2.9794042,-8.56938,2.16569635,3.0560768488099552,8.532099513236332,2.1599693136949054,not_hand_wash
1.16125695340525,1.4602944580003911,-2.70885450651,0.9129480642061587,9.4234540079,0.5280502583178941,2.1633013500000002,-3.246449,9.168135,1.8657378207826252,2.858560285419447,9.438237256729465,not_hand_wash
1.6175776271500002,0.045792968442723146,-2.0380185131,0.04865594563296956,9.70561069225,0.048608812935345524,1.6178356,-2.0381615,9.705816,1.618225687540221,2.0385992398663775,9.705732415753719,not_hand_wash
2.68495161791,2.371930615221101,-2.2404952678057497,1.0451454358298549,8.599319423276,2.6021230255591496,1.719624,-1.9920575,9.690249,3.582599619541748,2.4722758800538296,8.984394180114595,not_hand_wash
0.24996100156869988,2.905719740487366,-6.8931338563635,3.04716121689774,2.5237751816873497,5.017886082127475,0.9244775,-7.6736426,3.5973193500000002,2.9164512189582728,7.536609704867995,5.616815993150357,not_hand_wash
-0.45919409815929996,2.8567216719118607,-7.0456265388079995,2.572411557639332,4.966877737824699,3.543053476596119,-0.48080018999999996,-7.0635114,5.49477365,2.893392114898226,7.500543616714192,6.1010738727308045,not_hand_wash
-0.655170765391,0.6038047588982701,-2.827709148655,1.116616776992204,9.5817408667,0.5154426972069693,-0.6843768050000001,-2.95246025,9.594448,0.8909707731969814,3.040192766264607,9.595594781497022,not_hand_wash
1.12335576838515,2.5575463801216185,-6.753467090783,2.3334634549406026,0.4842933195238493,6.176128634791449,1.5837067,-6.6216302,-0.240100715,2.7933799721551282,7.14523403688307,6.195087161035454,not_hand_wash
-2.0781883839274995,0.8831108834106629,-4.1992092979499995,0.5833294978789388,8.809754828199999,0.49751253870680945,-2.23036195,-4.0894957,8.88193,2.2580415832064644,4.239532053315015,8.823791637338434,not_hand_wash
1.6068048321000001,0.04523254152123733,-2.0505187228499997,0.04774242228339533,9.70471614425,0.048935123769479894,1.6058606,-2.0513341,9.704619,1.6074413679112467,2.051074443223327,9.704839518858872,not_hand_wash
2.1444849182399497,3.361658389866231,-7.749837144550001,1.5400136424902562,-1.2788069068749,3.0512349456620416,2.5494983,-7.7275305,-0.8903485250000001,3.987425572310614,7.901368095849161,3.308380540188838,not_hand_wash
-0.7464401727155,2.01789259601627,-6.901484679475,2.315267544518119,4.007911901081499,4.730910410872002,-0.3556604,-7.35211115,5.433102,2.1515258447206316,7.279488621031501,6.200392820017762,not_hand_wash
-1.0661471361591002,3.447067880743091,1.5854795795499999,4.521795565172891,6.80931954587565,4.734452025540745,-2.3920258,3.7937109500000004,8.700507,3.608177752050322,4.791699138133285,8.293483505740578,not_hand_wash
3.7645551722,0.9506028536262655,-7.988865465200001,0.4928889778764914,2.66330003986985,1.1540870710717224,3.9733374,-7.980205,2.97401545,3.8827208797259902,8.004055907199634,2.9025995366198303,not_hand_wash
-3.7344856903161503,6.565612525097964,-3.48942250307585,4.7282116955712254,2.2466552563557,4.290573823808659,-3.952381,-3.30931825,2.1621039,7.553386737146415,5.876398152193965,4.8431894014649846,not_hand_wash
-0.49536667956300007,0.23933318811009405,-3.217397984155,0.4605261899080801,9.49659372075,0.1739986721019191,-0.43110353,-3.3937426,9.453142,0.5501531806253723,3.2501898652287853,9.498187607900865,not_hand_wash
0.955374489065,0.04978407581991616,-3.2597245653,0.0644152026827879,9.400915683250002,0.050370148668715926,0.9556128,-3.2644117,9.401649,0.9566707210746301,3.2603609554705653,9.401050624023505,not_hand_wash
-0.243359132182,0.042297362983960696,-4.26319523545,0.04602882347853883,8.9884747715,0.05053178655413379,-0.24429199,-4.2643323,8.988508,0.24700755885554004,4.263443709978402,8.988616811242114,not_hand_wash
2.3143097746169,3.660972509958515,-3.490800840095,5.437895055778863,3.9636351734585507,4.29635732708854,4.7720766,-7.316186,2.3902295000000002,4.331137200731383,6.461918688970959,5.845433266260523,not_hand_wash
0.95859698835,0.046540674843571876,-3.2831873763500004,0.05150159358153489,9.38942377675,0.04845067484430723,0.9580078,-3.2835717,9.389674,0.9597261174358991,3.2835912903961466,9.389548781879302,not_hand_wash
-2.5305818282500003,0.7476112111006974,-4.009818336885,0.5576136948265838,8.80826272585,0.41955368405242266,-2.274071,-4.0535707,8.878338,2.638705537272502,4.0484041457687185,8.818249119944413,not_hand_wash
-6.065961162670001,4.678718962672012,-3.9746798132105,2.7425355128139395,-2.11579617742135,4.758847667702066,-7.1419483,-4.3212142,-1.959126,7.660698137812732,4.829035168290729,5.20799621627975,not_hand_wash
1.6034697677499998,0.045590150673041924,-2.05349872675,0.0476558717632221,9.703013286000001,0.04814147361364941,1.6046631,-2.0549269,9.702224,1.604117750642586,2.0540516310154873,9.703132712159213,not_hand_wash
0.9431065993062501,0.5211727431480986,-2.2918139476299997,1.4588785210104145,9.600517816650001,0.6182194814584676,0.9520203,-3.1841784,9.45434,1.0775300858238315,2.716751315379628,9.620402157657905,not_hand_wash
-1.5599588533042,4.13858218266538,-5.7670747103248505,2.9447914586725257,3.4895488531555996,5.353085540823379,-1.2759466499999998,-6.128855,5.310956,4.422819700900941,6.475410986921148,6.390029421366688,not_hand_wash
2.561718874007,3.491776894284998,-3.5089784472514003,2.120906433865103,7.6065652878122,2.2559762387577926,3.2129188,-3.4404457,8.611293,4.330693878457155,4.100143149267503,7.934057238739159,not_hand_wash
-2.2293284868499996,0.04852216255214748,-4.0651241291,0.04718791553818205,8.89597792025,0.05299964591914759,-2.227368,-4.064348,8.8951025,2.2298564757714,4.065397998273216,8.896135797077463,not_hand_wash
0.95901851184,0.046681086143344916,-3.2922411511500003,0.053145654060445795,9.386263544,0.049791314814358584,0.9580078,-3.2931519,9.384884,0.9601539615370707,3.292670080325539,9.386395607071671,not_hand_wash
-0.8002215324327,3.7760736615000234,-5.42006810790455,3.6920234257528017,5.6544147795611,3.921855665516488,-0.45505372,-5.82349,6.104305999999999,3.8599335224901394,6.5580618532178745,6.881377649894153,not_hand_wash
-0.8853052005430003,3.2783369744623587,-3.9588217852650005,1.1959776872562888,8.43740474435,0.8851592549937938,-2.3135889,-3.9236407,8.681946,3.39577069547334,4.1355329228412225,8.483708253274687,not_hand_wash
-3.2598664664579995,3.6566334775919733,-1.6143718965762501,2.125420941800696,7.9119338679935,3.805899908808311,-1.7112415,-0.7759863,9.989627,4.898744509421138,2.669009329376755,8.779725032560512,not_hand_wash
1.58963014615,0.04702758600863811,-2.0670790869499998,0.050218641139382146,9.70272348525,0.04855757583161362,1.5902929,-2.0657043,9.703422,1.5903256255857385,2.0676890152109264,9.702844988424403,not_hand_wash
